"seed","epsilon","sampling_l","turns","predicted_lag1","observed_lag1","sd_ratio","ess_bulk"
1,0.53716610182261,"5",3.23252436716894,0.554791065483066,-0.0270558055262971,0.955096161657961,1049.72425563166
2,0.538747723027573,"8",5.1963039709587,0.665508957723315,0.0673270297529685,0.975003823416161,889.013491744429
3,0.539541358189536,"6",3.90641325601084,0.916019530402462,0.780537668103934,1.00191716764761,152.371485646959
4,0.542425162327539,"9",5.91014837383419,0.922413544284497,0.814059889789528,1.02768034701314,118.884676975522
5,0.545105548816171,"5",3.30988312577842,0.316279160399837,0.00270165582544955,1.025352701526,964.810677129226
6,0.538903393027704,"5",3.24918900986455,0.502547789625991,0.0237926622090129,0.977000986459818,913.30449327948
7,0.545908081720771,"6",3.98145700293988,0.996610245265542,0.985523490259139,0.962161982191295,10.5849633854055
8,0.537624356871821,"8",5.17905022255739,0.715585674472922,0.0475097794450926,0.960497829248535,915.90216577839
9,0.544388604826132,"6",3.96332062989541,0.986780336624841,0.940526628448429,0.873650363276561,47.3799111011551
10,0.538042113115117,"8",5.18545545754307,0.697259953718434,0.0683066742855298,0.984007096843721,747.835112998531
11,0.541082366504955,"5",3.27029380631573,0.43641774904099,0.019312968384434,0.998244992433114,926.905134136849
12,0.54120335083797,"7",4.58006136424541,0.0619395657213306,0.0546837000655631,1.02576652751063,823.428208646778
13,0.53742654298613,"9",5.823024510793,0.721448156878379,0.544532211439689,1.04928784408738,220.201342307289
14,0.542532188491459,"9",5.91203794294259,0.925559830287728,0.775208494529253,0.953292808700724,121.543758621385
15,0.548144587079429,"9",6.01263523344098,0.998425153710759,0.9897039893885,0.796637635329647,12.2300160295987
16,0.547372426949187,"7",4.66558866137784,0.247072829153686,-0.00635756890661382,0.968566074998453,919.90868832963
17,0.548866158388823,"10",6.69532451734313,0.331590620459125,0.0536702817176408,0.983353069366077,901.041090435403
18,0.53842475669526,"6",3.89350035825471,0.892172444137499,0.738754310890372,1.01357398456533,151.644065476541
19,0.539948362958729,"5",3.25928154854198,0.470857680452518,-0.00374516792283239,1.00399087014624,1014.30964392666
20,0.537034150631585,"10",6.4625287965742,0.0137939286329732,0.116892251082382,1.03012409397069,761.357536613665
21,0.543429304725487,"6",3.95194526862945,0.977381169723948,0.932682550774892,1.01827190093789,25.4824137962197
22,0.546665549266504,"7",4.65564560247234,0.220638120048704,-0.00580078591503588,1.04928693372525,883.958842663838
23,0.543763874010267,"7",4.6152237763423,0.125409747332473,0.0539978866576504,0.99125404446829,833.922809388762
24,0.53771214256721,"8",5.1803951123388,0.711765845351619,0.0459574385366033,0.968202568113967,908.079273527381
25,0.543618745932458,"8",5.27224951159417,0.430328552791683,-0.0353987480387364,1.08668164386361,1076.32311896218
26,0.54322488965615,"10",6.5825478040974,0.0657586708500751,0.0561090862753332,1.00546616044763,910.435833331138
27,0.545515812929829,"9",5.96514124764443,0.988054988232222,0.949865096547177,0.926933876589464,29.5818883678256
28,0.544622844909525,"6",3.96610696945822,0.988705197349014,0.955657904028782,0.908100692655904,3.16339768924469
29,0.534451728668798,"9",5.77217692349392,0.569445622463948,0.390233733488143,1.0154505720055,520.510939965637
30,0.550518385686767,"8",5.38321708512722,0.12867205587145,0.0356612478611731,1.02521612859105,846.594278694601
31,0.534154746891563,"9",5.76713993665551,0.553742674936425,0.342454013176814,0.972130658298331,459.833280655875
32,0.542290797884049,"8",5.25135787993716,0.495734146118601,-0.00142042456403456,1.06050328516189,1013.00205410608
33,0.540365387159847,"5",3.2633239546078,0.458190439206836,0.0216067667903825,1.00541656544014,957.208768117288
34,0.547583100382355,"6",4.00162239747171,0.999974021713245,0.99747793628276,0.240641689489247,1.42242540380464
35,0.537648222584097,"7",4.53198881794626,0.01006545931375,0.136260964129115,0.975875311870765,789.246681347811
36,0.552384467056741,"5",3.3837319474373,0.127590812568946,-0.00900395498163049,1.04348227555173,966.026580561463
37,0.542163424274851,"6",3.93702114337226,0.961361977842296,0.883802044165743,0.97889973485648,74.1821250897598
38,0.542548562541193,"7",4.59847665051975,0.092697085342635,0.0997664586583381,0.986379489503885,791.55019619786
39,0.543421510314459,"8",5.26913743501949,0.440022750401611,-0.0330525744591854,1.03568320602094,1072.39235266022
40,0.534110943588843,"8",5.12568675446869,0.852024519023176,0.110620086064893,0.998871920955966,825.601295611354
41,0.528076826603038,"9",5.66554430808014,0.246952641662701,0.157307708668575,1.01132543781898,638.328714043843
42,0.53645488181087,"9",5.80633664250108,0.673313874290251,0.476258886677248,1.01138348972252,377.921236861538
43,0.558061195102467,"7",4.82094783398365,0.715580165596088,0.10677085755373,1.00680898374334,747.581034475797
44,0.53644303417156,"9",5.80613364576649,0.672715538107756,0.458774534420311,1.03152127029954,278.662819533407
45,0.540834100615589,"10",6.53575505258724,0.0125645588034267,0.0757118500803815,1.02051360421429,833.183573103514
46,0.544420682804063,"10",6.60617000205813,0.107185992891243,0.0888458116092164,0.960960000251478,852.9523454521
47,0.538863543090237,"5",3.24880516432571,0.503753651716649,0.0737783020756468,1.03797671807144,867.654088239013
48,0.545350942101636,"7",4.63725496401734,0.174690997948774,-0.0151870653590747,0.968353906211849,995.916628214705
49,0.540225414105029,"8",5.21914590394821,0.59632499020524,0.0739962170054489,0.99629638184459,874.639021028667
50,0.544519743703704,"10",6.60813355378357,0.111032347685869,-0.0240501632462677,1.00958101405226,1054.99074048141
